"temperature","tn_mg_l","tp_mg_l","n_ox_mg_l","po4_3_mg_l","nh4_mg_l","al_mg_l","as_mg_l","cd_mg_l","co_mg_l","cr_mg_l","cu_mg_l","fe_mg_l","mo_mg_l","mn_mg_l","ni_mg_l","pb_mg_l","sb_mg_l","se_mg_l","u_mg_l","v_mg_l","zn_mg_l"
23,"17.32870380926034","3.116044249692294","7.2021280407911377","0.69017936057936824","133.33063251293026",3.20219050528485,1.77603257071983,7.00137411271625,2.43247044746552,2.33470138665935,3.58130014593044,0.00871386645675903,2.66392892906728,1.52303038121547,4.41727080823884,0.153494693151262,4.25604315407677,7.40278890939417,3.62397540178853,2.19475830630135,3.60910193418136
23,"5.8487700803212848","1.8493253968253969","2.6629536610728621","2.3304050793650792","7.8740570672713517",3.08214511265966,1.77537002187669,4.27850085034014,1.78252544066984,2.19943497749757,1.78238975460123,0.00871386645675903,6.52879844968408,1.60079583123325,4.7370538328828,0.628798258485053,5.48851010041077,6.18991108097387,2.84461397212544,2.49129762172745,2.25409848065136
23,"14.739324960753533","5.546163238470931","7.9198791121576839","0.81950108011646472","18.154607645875256",4.42565260071329,1.81942657209897,5.66032069029162,2.83489289804084,3.1383044758895,3.8443737037037,0.00871386645675903,6.74691591482135,3.03397795873789,3.81714083213083,0.153494693151262,4.74645485548717,3.55486807074616,3.27688065121652,3.11336643326699,2.82884622842539
23,"16.861969872304119","90.705481620968797","1.2424609379592513","1.4381631185626917","118862.09639810167",1.65934684758238,5.13992524839197,10.3538411496604,10.3538411496604,0.517692057483021,1.50102251060724,0.399773311056333,10.3538411496604,1.76100167094634,0.517692057483021,0.153494693151262,10.3538411496604,1.03538411496604,10.3538411496604,5.52204861315223,0.225083503253487
23,"23.707269704700408","104.58167257298393","1.3970355361698454","2.6260818609533412","107106.05777302147",4.02783689988848,5.13992524839197,9.73691434300195,9.73691434300195,0.486845717150098,1.50102251060724,0.00871386645675903,9.73691434300195,3.57447250223361,0.486845717150098,0.153494693151262,9.73691434300195,0.973691434300195,9.73691434300195,4.02459126177414,0.442587015590998
23,"16.560934138512323","57.985322604593136","0.13040105620875844","1.4948899022696329","88861.799753458428",4.88387272454524,5.13992524839197,9.61707789539594,9.61707789539594,4.39179890556414,1.50102251060724,0.00871386645675903,33.3392033707059,3.61884008736235,0.480853894769797,0.153494693151262,9.61707789539594,0.961707789539594,9.61707789539594,4.55208353715408,0.480853894769797
23,"12.961314363143632","3.2315498154981546","6.4932739837398374","0.66747140221402212","328.26500000000004",0.753541880869957,3.25804975545523,9.56658125720516,2.04475789394697,0.609776156990928,3.80054628392778,0.527710383381507,4.9577835487944,3.33976010292772,1.86420348279266,0.57817364807423,9.08339351357425,0.848816406467096,1.15005262284197,2.12472582623809,2.6098055497395
23,"12.688715277777776","1.0493607954545454","5.7492534722222226","3.5042004616477263","0.27876269531249998",1.60943388258338,3.16859817451479,5.66502876019022,1.63170429506568,1.12103830428754,6.86469153102335,0.00871386645675903,9.74424750283992,2.97340759138836,2.98549256314062,0.308696232298734,36.9711417116088,5.06057916694188,2.23090137952716,6.61973172713171,0.201711533628906
23,"9.7272631304490016","1.4760080022216491","3.6697288189209814","1.1828541282504141","478.4627181373267",1.15352494073626,4.30917918052598,2.2149986441956,1.78335523807834,0.57817033918736,7.37277702375818,0.669900147111952,11.4645794305237,2.85028379677031,2.4902226510418,0.153494693151262,17.4368038483898,5.26996584933174,1.36209686740764,3.55610518142612,3.52071029626627
23,"9.9649961407571883","1.5841760695634794","0.35826649434734126","2.6190713705966893","408.51519503309794",1.07859556327409,1.7981305855452,8.99065292772601,2.73206177197524,0.966533682245119,2.6443096846253,0.181313918253224,1.92417614942968,7.24600590497932,1.689968724561,0.0930758032886354,8.99065292772601,3.36027165621577,2.40220898472451,0.662042298331932,1.5434864015668
23,"48.930880436373428","4.0849155381487066","1.3354736942365903","6.5812528114618063","10421.07341732159",2.15889856210087,1.55075497281571,9.30452983689428,1.55075497281571,1.79410421470372,1.86090596737886,0.407909480367322,0.775377486407857,7.60602326091912,1.77406368890118,0.272932875215565,4.65226491844714,9.73874122928268,3.02397219699064,1.81319042975376,1.62265361246444
23,"60.394186443860058","6.3929512262884636","0.98494272481573475","NR","9.9015406198407181",0.870800419850578,1.48523109297611,8.91138655785665,0.594092437190443,0.422854028823786,1.48523109297611,0.0700656604137268,0.742615546488054,4.08460075656734,1.0753073113147,0.115323826042851,2.22784663946416,0.891138655785665,1.48523109297611,0.37010353181729,1.62844980551309
23,"0.54764457449518134","0.10084506938325245","5.3428738975139646E-2","9.3382534248891771E-2","101.35570559529378",0.513974014985485,6.85206230362992,9.59288722508189,0.959288722508189,1.5632853255689,4.1708205326443,0.215133690123014,0.685206230362992,0.328674332793789,2.35825144283263,0.1682962671067,9.59288722508189,3.51739198253003,1.59881453751365,0.303774762127593,0.0726733880688022
23,"0.53129257648863693","0.11391960900319203","3.8875066572339287E-2","NR","73.44175682084952",1.05946772053972,7.1199755626995,9.9679657877793,1.24599572347241,0.647043393241815,6.6453105251862,0.542153593501003,0.71199755626995,0.646914289716952,0.735730808145616,0.166132763129655,9.9679657877793,0.996796578777931,1.66132763129655,0.640366286972489,0.361411625053987
23,"6.6706888808189131","8.2120488344683142","5.0836104853824428E-2","0.3346602973294297","1609.21955608709",1.28103071246085,6.99660676559605,9.79524947183446,11.6236960399102,1.46021774533829,4.2588041181889,0.214477131133489,1.72582966884702,36.1198486125061,3.75484563086988,0.171846481962008,9.79524947183446,37.4831546455532,1.63254157863908,2.79817626578738,5.56053555875855
23,"9.1363365467804023","7.5641605565810446","0.26111509871470212","23.504659165401677","2.1346477876465579",0.163003309410342,3.85481259133457,9.63703147833643,0.239609252603447,0.106147013384575,1.20141659096594,0.0113749596811354,0.401542978264018,1.14290779425523,0.279226809500517,0.0688359391309745,2.40925786958411,2.00236098494324,0.741310113718187,0.0774085630320079,0.670428054079331
23,"11.031681627558976","0.27049643660707362","0.28689016003780532","20.90105158244657","1.3476319021031031",0.0942836990940407,3.50643528935095,4.73368764062379,0.114946057498591,0.0636507151677097,0.651185492101195,0.00737965924480791,0.364129818509522,0.692085864537916,0.144401380552362,0.0591710955077974,2.36684382031189,2.88228980784648,0.801085600720949,0.0680534685749542,0.194607158558978
23,"8.8380061364959435","0.48081571199612466","0.18224130246303333","19.621190253818114","3.0392133321005526",0.133678667478897,3.69450359699485,4.8028546760933,0.159116204143467,0.0946738139068985,1.22341916588142,0.00860787324176433,0.369450359699485,0.795553826099862,0.233417282769273,0.0640380623479107,4.8028546760933,1.9545306996105,0.926134373437116,0.0977374993801472,0.239668731252058
23,"67.078081468024607","15.431946768833111","1.4610216335123873","9.7288360064382644","13003.092538260249",0.636113208428958,3.2969301567597,9.56109745460312,1.8647805770728,0.484154045410092,1.46426436943644,0.152560449408087,1.59351624243385,2.27331027145614,1.9088328909367,0.159351624243385,2.39027436365078,0.972044907884651,4.78054872730156,0.187825930870482,0.87263984704711
23,"8.9562994187046723","1.9343455859571148","0.59680629537649854","5.7391572025342157","225.15559728202226",0.214785395267156,2.75636114764927,9.56658125720516,0.202924255932199,0.237117026559816,0.520645994555972,0.0613774053683776,1.56193798366792,0.27297175668657,0.846470805290185,0.133880398600107,4.68581395100375,1.2838767864329,4.68581395100375,0.0829351113121857,0.0374045539605535
23,"70.676408912646906","15.022334442384153","2.1508200356270164","11.774262130517311","4202.1935534777294",0.533531155448553,3.97182755527196,9.1352033771255,1.98026075323191,0.540215103737414,1.14270175577026,0.183701313912342,2.28380084428137,1.69675262238183,2.26111853090868,0.152253389618758,4.56760168856275,4.81120711195276,4.56760168856275,0.193530975248733,0.824705860434941
23,"16.105263545761748","2.7724481607468348","0.52673309911807509","8.4282424086703784","158.75969711018388",0.810017630743574,1.61517548991471,9.20452789367949,0.575282993354968,0.674998712203163,3.41078894726901,0.249012559680546,0.675827948950341,2.09387565742461,4.70453647899174,0.191760997784989,9.20452789367949,14.7886081491784,3.37499356101581,0.795365615428202,2.49916878567783
23,"13.22334987044912","3.4484022118096429","0.42098214482384921","6.8968044236192858","204.76214441162753",0.558496369630551,0.663154271501854,9.28415980102596,0.77367998341883,0.442430331258768,1.76177984795659,0.127378251419745,0.921382525707879,1.19579978237214,1.81814796103425,0.154735996683766,9.28415980102596,14.545183688274,3.94576791543603,0.416972791063622,0.233823283877691
23,"18.140684007061299","3.8747737480726689","0.29488167862170683","123.76483207079173","10.534847848686175",0.742873044012259,0.57338104176443,9.17409666823088,0.764508055685907,0.348145206896967,1.85520621513113,0.102016630758953,0.481525969402168,1.79934615986235,2.71400359768497,0.183481933364618,4.58704833411544,8.86829344595652,3.36383544501799,0.571934675172592,0.455307019830718
23,"5.6178398213221064","0.39572012126353362","0.34516131405006417","3.427046611497639","258.67228005252633",0.638967795067281,3.1506709136365,9.76707983227315,4.91851659893086,1.13701703789985,1.4577731092945,0.507875595542919,3.79255715142043,8.78137072654897,1.20504348007427,0.171352277759178,0.813923319356096,0.976707983227315,0.610442489517072,6.62035955903736,3.60982980515554
23,"4.4792294071748087","0.23702926816967376","0.28445911262022483","10.073743897211134","1457.0829093413904",0.296025524580766,2.60420314370628,9.89597194608388,1.77840655262957,0.588260554572764,1.30210157185314,0.418967779861513,5.38201983032632,3.74633223673175,0.389841319088153,0.126871435206204,0.824664328840323,0.989597194608388,0.549776219226882,4.82758498103125,0.628114939282853
23,"4.2250287005414409","0.23083229551604079","0.3093551606213894","1.0627518885558516","842.12238050161989",0.500613359155929,3.77322021516605,9.81037255943173,3.7933440563136,0.794891725328315,1.46423471036295,0.00871386645675903,4.85487667684699,5.64771447802148,1.27919563765139,0.110228905162154,4.90518627971587,2.58339810731702,0.545020697746207,7.14810675114673,2.15315235650796
200,"42.832211538461543","118.22692307692309","10.180335445804198","16.591233867521371","1592.0958461538462",2.25498868322124,7.08494186416157,9.56658125720516,0.926838887355686,2.01379933922982,6.90231514942637,0.308417986754896,3.5074879748128,1.69675262238183,0.493277715547403,0.153494693151262,19.4077406120034,30.9616589813896,5.87258083916084,1.20173478815699,0.201711533628906
200,"33.719426486433534","13.462574525745255","6.3127963071799389","4.7699992818428179","28.145058717253836",1.88093327514777,3.65219487640215,12.5109329539295,0.926838887355686,1.93367372746287,3.29024872362711,0.173642622701624,1.87533447417581,1.69675262238183,0.493277715547403,0.347864503538751,17.3448128746201,22.9041546979792,5.00163175490779,0.712532548089345,0.201711533628906
200,"15.538923076923078","188.92776331360949","24.103046153846154","13.309868260355032","142.57581070422538",4.48304885330679,7.64860452630661,9.56658125720516,0.926838887355686,3.53155500402331,7.54558485935484,0.430694116591049,11.7814671460082,1.69675262238183,0.493277715547403,0.153494693151262,27.4796163777778,37.5001220733412,7.04425957452891,2.06281755155725,0.201711533628906
200,"69.622472004705642","308.44549473901941","0.16336911694494874","2.1397902859571136","318297.49618107505",4.59392444172187,5.13992524839197,9.52986515512201,0.926838887355686,0.4764932577561,1.50102251060724,0.641783474502161,29.2249198090408,16.1636667805215,1.2706486873496,0.635324343674801,9.52986515512201,10.5463841050017,9.52986515512201,9.27573541765209,2.38937198816827
200,"40.074679591458903","188.8597061784115","0.27268521047079985","1.581647392521031","149583.90353413348",7.06711049477173,5.13992524839197,9.57993200074525,0.926838887355686,0.478996600037262,1.50102251060724,0.00871386645675903,14.8485323223658,23.8366032472383,0.478996600037262,0.153494693151262,9.57993200074525,4.64601342520889,9.57993200074525,5.0973493229724,0.435451454579329
200,"38.379748349750322","176.53402615587055","0.23463601611201071","1.7295681277577628","175219.47294627494",8.30743340131285,5.13992524839197,9.88823210757759,9.88823210757759,0.49441160537888,1.50102251060724,0.00871386645675903,9.88823210757759,23.7914274243526,0.49441160537888,0.153494693151262,9.88823210757759,0.988823210757759,9.88823210757759,4.87819450640495,0.49441160537888
200,"67.363469918699181","45.754066420664209","12.884393495934956","1.5464248634686344","7804.7136999999984",5.89954675820533,12.0855174803536,9.56658125720516,0.926838887355686,3.3290699347255,1.50102251060724,0.00871386645675903,4.22370226494624,1.69675262238183,0.493277715547403,0.153494693151262,34.157573906548,12.310430884244,8.03958514082337,4.12375364845093,0.201711533628906
200,"30.055447889750209","74.414200140944331","8.1939061154177413","2.4500022022551091","7.9618671269379835",8.12086665873624,26.312277969747,9.56658125720516,0.926838887355686,5.20827303688896,1.50102251060724,0.00871386645675903,8.06209987834253,1.69675262238183,0.493277715547403,0.153494693151262,86.2984454653997,14.524526952577,11.7588860761468,16.4051184496399,0.201711533628906
200,"76.227950518969223","47.575871209168163","7.7126423116499652","8.3288730256490222","9146.9311023622067",1.16092183869293,15.2684035464567,7.83010557288984,0.926838887355686,1.95805801092755,1.50102251060724,0.475584188856861,30.7125404228932,1.69675262238183,0.493277715547403,0.410251700250742,81.3677025154397,16.3012040526203,10.6898159448819,3.83437308017985,0.201711533628906
200,"18.499823352764526","10.651677804271518","0.28075288911202217","5.1285856094640643","6626.0668563300123",2.66609361503486,1.82788051209104,9.13940256045519,12.5243664717349,1.80444614655141,2.68805957660447,0.19191838690194,1.57400821874506,1.69675262238183,5.34147305199937,0.322925557136083,9.13940256045519,19.6801801801802,3.96040777619725,1.13112390828859,0.201711533628906
200,"111.35651429826893","61.275273653070712","0.95745787994773279","13.808512372522978","83860.821702378613",5.25211094399312,3.60723412620405,8.84607823864753,3.92002682732224,2.57670381515477,4.57637114212699,0.527934475834761,1.9657951641439,35.5296284082024,4.26970709652054,0.330253587576175,4.42303911932377,44.4662866129349,3.53843129545901,2.04707323343061,0.201711533628906
200,"51.396671796126768","17.592051657203946","0.31903582741233255","453.44007305197584","171.21589404461849",2.28618693815124,1.51542018020858,9.09252108125148,2.65198531536501,0.886075093604311,3.6319570318999,0.0844302814382791,1.56593418621553,27.9509369064384,3.17025901699635,0.229987297937537,2.27313027031287,28.429282580713,1.51542018020858,0.827337503789549,0.201711533628906
200,"5.9820229303072079","7.5646436716523802","2.7282785980151589E-2","0.34800428882089068","2137.4502844303547",1.25557170789473,7.00577839960542,9.80808975944758,10.7550494769757,1.20296846752762,4.26438685193373,0.201302178131159,1.728092005236,33.7787790099912,3.51424448994506,0.172071750165747,9.80808975944758,28.0059880005039,1.6346816265746,2.59069431193705,5.60502518432931
200,"4.6534471048378911","8.0694049301233139","1.8954978023779598E-3","0.34299484043029749","947.74890118897986",1.57198836078505,6.76963500849271,9.4774890118898,10.7411542134751,1.28860596214291,6.31832600792653,0.225433606426273,1.39905790175516,26.3327897720286,3.7458647046993,0.157958150198163,9.4774890118898,21.8614079874258,1.57958150198163,1.72892375307808,0.201711533628906
200,"6.3777429420626977","6.6495247095771886","6.2559171863289229E-2","0.46711537216038107","1332.2634165886002",0.60576438845598,5.06885256787039,9.63081987895374,5.51096915295686,0.529100598288199,4.81540993947687,0.0907947976113586,1.24398090103152,18.0039520720295,2.08667764043998,0.139577099694982,9.63081987895374,26.645268331772,1.20385248486922,1.42169245832174,3.25251373105017
200,"13.448588427671817","1.3522194413593112","0.14629189701856748","NR","36.291782933033829",0.295647144040682,3.67526309702787,9.18815774256968,1.14726450501485,0.29894803089955,2.3697790177711,0.021316406325291,0.382839905940403,6.84405530047486,0.644349010921232,0.065629698161212,2.29703943564242,6.90132737108567,1.4135627296261,0.171427202326647,2.71504389590624
200,"12.103620876058224","1.2960352782479445","7.1093221004747284E-2","20.185494333656962","34.584400528430081",0.168241629730712,3.43946370138708,4.64327599687256,0.432552421783713,0.120672709523242,1.39595925803412,0.00881389784427444,0.357175076682504,3.22609393458621,0.321746195338846,0.058040949960907,17.025345321866,8.55394622534967,1.28583027605702,0.140035307842188,0.349887261986558
200,"18.340732664653022","2.1695914282409814","5.9858788070016392E-2","25.625740265638761","40.31561592211667",0.203202607466468,3.66059511658946,4.7587736515663,0.825596208556337,0.155343875522394,1.97168479946456,0.0120864384067202,0.366059511658946,5.79243527425888,0.354093695363858,0.0634503153542174,4.7587736515663,8.78786867655911,1.29166713399657,0.168226822945721,0.572093007292124
200,"92.080917161553344","84.765581537906044","0.35496045164317619","20.865373917023028","234891.94687088669",1.45016026080135,3.20400407669804,9.29161182242432,5.65459750600581,1.02950725062117,2.77027685816725,0.245044798736501,4.43932564849162,14.8625525507559,4.47131637610287,0.154860197040405,2.32290295560608,10.0504267879223,9.29161182242432,0.393497221987915,4.15762757578002
200,"22.916716748945802","15.110392222265826","0.37782792357171263","5.9980182867009377","7935.8395793273949",0.503156145368852,2.71403542384658,9.56658125720516,1.49837804529442,0.519009692490977,1.24915993378302,0.101616209468855,4.10120908492372,3.36664687512619,2.78421996868976,0.131824577729691,4.61386022053918,5.18290298107235,4.61386022053918,0.169753052725602,1.379425901833
200,"119.33388599971661","73.060684716955691","0.73571770838963402","22.807284266042092","48047.39602686069",1.29027517542364,3.94888936122565,9.082445530819,6.62635438825769,1.32206281205891,1.87940415888281,0.260158419602304,4.91971523080703,13.2946964981436,5.27766420426191,0.151374092180317,4.5412227654095,11.0500683423868,4.5412227654095,0.346305578236904,3.62600064559784
200,"21.226057018030208","40.720491210337286","0.3432073895950159","13.866978087844592","21301.879450562283",1.20062311346189,3.83435570033298,9.1345966769135,5.51881882563524,0.981521368421294,4.73984072013178,0.249404340902866,1.00398269782293,23.6049626274858,0.493277715547403,0.190304097435698,9.1345966769135,35.3204404840655,3.6538386707654,1.34091194808538,0.201711533628906
200,"26.481334735689483","18.496441281138793","0.71445243275173964","8.6316725978647675","4699.4661921708184",0.800427787663108,1.68979833926453,9.59074733096085,4.36911822854883,0.70568955669786,3.40928232502966,0.115971925662317,0.853721826809015,16.1818925266904,2.88521648873072,0.159845788849348,9.59074733096085,44.7568208778173,5.03514234875445,0.773990135481051,1.80803347831818
200,"20.348290426163537","15.481897563570167","0.42447218053617258","135.34133851724678","219.63298902046387",0.925679297203801,1.95394727984194,9.1647143939836,3.79046336465058,0.432553300199799,2.56680572052839,0.0809496452501189,0.788399284727052,12.4867884775963,3.60451665234762,0.183294287879672,4.5823571969918,40.9352282798504,3.36039527779399,0.93598875756392,2.6002332004862
200,"60.20075214026744","137.42434847436957","0.32565395598040986","NR","NR",2.76037192800429,70.5446909460496,9.65654438914132,0.926838887355686,3.78214655241369,1.44127528196139,0.00871386645675903,11.8330988387573,32.0214271536969,6.0590082441671,0.153494693151262,10.8904361721983,11.8453611173467,3.9833245605208,8.070725210569,0.201711533628906
200,"51.374296845725283","140.36069741175328","0.29334089248330791","1.7589059826034243","175850.72972473677",2.6002438977608,55.7499651586013,9.79124330315906,0.926838887355686,2.4750087238541,4.24716650299312,0.00871386645675903,10.4783480963632,1.69675262238183,0.493277715547403,0.153494693151262,11.5319087792762,24.543383213252,3.48133095223433,6.80817784346327,0.201711533628906
200,"16.267541433113063","23.056277150854335","0.33181700621935645","1.9696317164046417","26983.954514743589",1.18849942957081,32.2211547452862,9.84815858202321,6.51619826177202,1.0403695732804,1.46987441522734,0.00871386645675903,8.43406401639936,12.4637933613771,2.41376435833902,0.376221788526729,23.3073086441216,5.94172234448734,2.29790366913875,5.21759303698563,4.2778341134723
500,"5.4998927958833628","0.28534824132308406","3.4506863207547172","3.2217528534824131","139.60377358490564",6.34104693678955,18.3915245934855,7.1817358490566,0.0557835674027921,6.64716438902202,0.768217465516446,7.89535472351861e-05,13.3408155805615,0.101375125061029,0.153464961028585,0.0259972338427388,9.9679657877793,36.5959636437411,3.37499356101581,60.6969679438925,0.872184065231827
500,"4.3269758570963397","0.81480051480051474","2.4753077057263808","2.4275414414414418","9.9193754979469286",7.23453256074183,15.4346111468765,4.20517650303365,0.0335370744592847,0.761646774255334,4.95493459033091,2.74127326771502e-05,13.3408155805615,0.0177482634666973,0.0638607013839026,0.0238189363624293,9.9679657877793,13.6683854324499,12.8176161973821,64.4697992910416,0.0447754250465558
500,"3.6276176653535144","3.3640727922295413","1.8669635081899232","3.2685765323210898","61.907850119585447",4.3648518162049,39.3826923354125,5.53760640631856,0.049279196082719,6.37178859167841,0.787814972611077,8.23989321873043e-05,1026.2826354717,0.118149556751955,0.0666061749571184,0.0221937809182308,9.9679657877793,31.300195079672,3.37499356101581,111.79215775918,0.0170975138559416
500,"1.8662176068855836","45.186586214773136","0.96055318001463852","1.6921970669891688","39959.012288608952",1.17471063413187,5.13992524839197,9.60553180014638,9.60553180014638,7.0760750927745,1.50102251060724,0.00160092196669106,250.384195590482,0.23029656160187,0.480276590007319,0.640368786676426,9.60553180014638,29.0727429151097,9.60553180014638,118.276114899136,0.208815908698834
500,"2.2037499785799026","65.881498311424352","0.37422169447583253","1.3190467726437864","32133.16949899149",1.17471063413187,5.13992524839197,9.56344330327128,9.56344330327128,0.761646774255334,1.50102251060724,0.0428905942086106,295.19161662764,0.704674769714726,0.478172165163564,0.153494693151262,22.3147010409663,24.9287088771938,9.56344330327128,135.737138617764,0.434701968330513
500,"4.8410176768380557","48.574837233579139","1.4160800007077305","1.9495653790865315","47409.041139973233",1.17471063413187,5.13992524839197,9.71496744671582,9.71496744671582,6.67094431341153,1.50102251060724,0.0533077700922356,264.894779047118,0.958934286766347,1.3924786673626,0.153494693151262,28.4972378436998,34.8443499088874,9.71496744671582,111.851658536522,0.485748372335791
500,"3.0916477595008502","0.52229039732257787","1.2880203488372091","1.5496704282159099","527.28627906976737",1.51521475489854,16.5370720288467,9.56658125720516,0.144700994392545,2.74207604985301,0.211952802059534,3.4727490944751e-05,158.104697009821,1.69675262238183,0.0383528623429724,0.00297190796092384,35.2662984531873,31.2516248180689,8.09766749884184,14.0071471788185,0.00334239199221994
500,"1.0107674074074073","0.84612121212121216","0.16311843555555555","0.48449636363636361","0.27795541666666662",0.363127610683861,12.8745042737088,2.84619660869565,0.926838887355686,0.911421109854576,0.237398085222122,0.019364267280718,96.2881013331096,1.69675262238183,0.0813554829368532,0.00234131808518961,23.2202466823644,22.995764663461,1.05372268812877,7.38991916497075,0.275261982512289
500,"3.2764080043462518","0.45981618082126952","1.6543881383556687","1.2177082008599271","263.81314741035862",0.116138839399592,12.0964441703731,2.35760809100048,0.680199486444196,0.935761221585588,0.21427794333274,4.95783891817343e-05,132.407353343649,1.69675262238183,0.185003119356626,0.00963207582042963,15.5553845242394,36.6430703342521,1.44979348124742,5.51387678878821,0.00270557833659971
500,"1.3944902865822228","0.55313244888736823","0.1444742188801402","3.0422284688805248","324.07200481637568",1.0088329394878,4.74126697437956,9.61067629941802,0.533926461078779,0.566783474068242,2.82666949982883,2.86032032720774e-05,235.675139920173,12.8394847901585,0.160177938323634,0.0640711753294535,220.40484313332,50.0075523446384,1.60177938323634,5.18253135930983,0.0436848922700819
500,"21.396831545293502","0.05","1.4961039833457224","22.127561893117708","2920.4450175513648",0.643336146177741,2.40888789269348,9.50214572665024,0.279474874313242,0.318521143174897,1.90042914533005,0.0439787355289922,130.678142422498,31.5385729183716,0.0950214572665024,0.116909949316566,75.217824360072,36.7066489221386,1.18776821583128,1.74285087411292,0.0215957857423869
500,"5.3809411891436643","1.4631290271693622","1.4675294152209992","11.496013784902134","1.3730677517125214",4.63717500483618,3.34383043383881,9.61484789282724,0.240371197320681,0.761646774255334,1.60247464880454,1.5070294502864e-05,170.396470989549,3.77394391928605,0.0961484789282724,0.0565579287813367,67.1436877849102,10.7982262236943,4.48692901665271,3.60340245352805,0.0171693712371915
500,"0.05","NR","3.3426620050192021E-2","0.64614600178584958","103.71588616332164",1.17471063413187,6.50419454178613,9.10587235850058,0.910587235850059,2.62215398471637,3.95907493847852,5.52540798452705e-05,136.891614456125,1.47087205965725,0.284558511203143,0.159752146640361,9.10587235850058,36.4841952497257,6.07058157233372,3.52093731195356,0.0689838815037923
500,"0.25643225896469929","NR","2.6891772475698805E-2","0.31099328713393176","94.078518311809759",9.40726365212379,6.86014603971908,9.60420445560672,1.20052555695084,2.41790059540274,6.40280297040448,5.06550867911747e-05,142.4623660915,1.68460324461263,0.343007301985954,0.160070074260112,9.60420445560672,53.4634048028774,6.08266282188425,3.15774601040403,0.0842474075053221
500,"0.76440795490084623","24.230081296015626","8.8182840582589461E-2","0.29805646274066688","95.489445696970193",9.3096984200329,5.23516293618383,9.94680957874928,0.828900798229107,1.23675636453525,4.97340478937464,3.7677309010414e-05,128.518253993531,0.887021809841922,0.248670239468732,0.144156660561584,17.5308528480614,10.7982262236943,3.85370647142194,2.60045328531123,0.0654395367022979
500,"10.248236574389946","0.39423417746445594","0.1697869895834731","0.50175258950021662","1.9495099157021181",0.0162831800749276,3.79898389193021,9.49745972982553,3.10873135418879,0.0103233257932886,0.237436493245638,9.27486301740774e-06,16.4094998665319,1.69675262238183,0.603941028973521,0.0678389980701823,2.37436493245638,0.8020077105186,0.365286912685597,0.230621186495069,0.0087939441942829
500,"NR","NR","NR","NR","NR",0.00437535905309852,3.51902350344111,4.7506817296455,3.77747364021702,0.00805200293160254,0.182718528063288,7.51690147095807e-06,16.2497677624285,1.69675262238183,1.6190707228105,0.0593835216205688,2.37534086482275,2.73428126217374,0.365437056126577,0.422498270831511,0.0225537415447817
500,"NR","NR","5.1672738028519821E-2","0.42164045033535619","5.0060719878958411",0.00630851347751896,3.59089394516375,4.66816212871287,2.93375335340552,0.0509741841641061,0.198645196966505,7.3283549901301e-06,52.3073551345519,36.3712987314356,2.81093633556904,0.0622421617161716,4.66816212871287,7.71024778259076,0.333440152050919,1.38980195305715,0.00765272480116864
500,"3.9357647633506923","54.323243413893437","1.9570101033235485","16.976013566841701","57283.860179950621",0.364182851626314,3.33666473555164,9.67632773309977,0.288500344229993,0.270119948488239,0.537573762949987,8.48800678342085e-06,144.607342233547,4.57391948337182,0.177246332163548,0.161272128884996,17.7399341773496,14.5306188125382,4.83816386654988,7.9525666178044,0.0230388755549995
500,"1.0592067474601701","42.68399498659204","0.6518195368985662","5.4089911002292945","16932.493878978661",0.709797741746683,24.5041591701777,9.56658125720516,0.0175756011010866,1.3002826049395,0.522607835770946,0.00018423627900695,254.091929751834,0.243853360586687,0.167338435141316,0.134384872055386,123.858057077714,32.3285207207907,10.3476351482647,22.060809206959,0.0180902712382251
500,"NR","NR","NR","NR","NR",0.212403717446675,8.60480884031827,9.71737823211065,0.496151851533692,4.66576534309547,0.511440959584771,8.50908776892351e-06,307.231108438565,2.5110534884062,0.344379421595109,0.161956303868511,75.471637602726,13.3290038083784,4.85868911605532,15.5690394423287,0.0202445379835638
500,"3.9948992037523263","NR","0.46053797791246648","7.3668011092806713","112.98753068620192",1.17471063413187,8.91800173679728,9.26431048591357,0.579019405369598,7.4423294236839,1.71132402031459,4.54132866956548e-05,314.139414616268,0.186840624229331,2.41901440465521,0.193006468456533,236.548727740326,10.7982262236943,3.37499356101581,19.8244367077415,0.042110502208698
500,"1.3119750968374211","NR","0.69919630909299679","5.9600032093713624","135.54156135916875",4.1273189705607,5.13992524839197,9.70233080595338,0.808527567162782,0.761646774255334,0.69302362899667,3.30011251903176e-05,328.692181928808,0.77618646447627,0.590225124028831,0.161705513432556,125.483478423664,10.7982262236943,2.91069924178601,11.1185306709627,0.0539018378108521
500,"2.8531601663126498","NR","0.48125593166719405","6.0979012459694131","2.3164759198908955",1.17471063413187,3.91421491089318,9.62511863334388,0.802093219445323,2.59384607272934,3.1335108439664,2.65887255064748e-05,150.139879139576,0.544460877359485,2.67899135294738,0.192502372666878,89.1927660023199,10.7982262236943,5.13339660445007,6.81215603455401,0.0534728812963549
500,"1.1540648483193336","2.5578117695203066","0.14131406305951025","1.6276983987856495","522.95624269556083",5.86386329259861,12.7062362524252,10.0568508210685,0.31427658815839,0.125710635263356,1.50102251060724,7.34076702267772e-05,455.687084981303,0.721377485055545,0.147894865015713,0.176435979316991,56.4301073848842,41.702408071364,3.37499356101581,22.169768921111,0.0253960879319911
500,"1.4461667565068066","2.5164014713432987","0.10532306910133606","2.6362301128358365","5202.9596136060018",2.68032246929585,11.8927298860259,10.0056915646269,0.217515034013629,0.0833807630385577,1.3165383637667,0.00251715511059797,483.713748692736,1.09152998886839,0.113701040507124,0.128278096982396,54.6421933779348,22.2793398839026,6.89280974452077,12.5204553778698,0.0159835328508417
500,"1.6222145408714841","3.139211141708115","0.13233855465004213","2.0928074278054098","2569.5024530277533",1.71772814488082,11.9606031344093,9.88270174241444,0.247067543560361,0.0760207826339572,1.47503011080812,8.96796891326174e-05,364.240909860167,1.96294030021351,0.145333849153153,0.111041592611398,9.9679657877793,5.17194724519689,0.549038985689691,10.5783664336942,0.0193778465537538
850,"0.55765310548230385","1.9040853830930167","7.5947041984732796E-4","0.16905970219583452","245.57300763358774",3.84625775060818,88.3912079696556,7.26100458015267,0.0563992810264855,0.761646774255334,0.776696700199705,0.00086080674061452,13.3408155805615,0.000502028103175799,0.0750768568110321,0.0262841794756658,200.414365246763,6.39436854961832,0.55007610455702,3.57975381747708,0.0146903182349399
850,"8.7815547905909341E-2","NR","7.3765060240963852E-4","0.46129312169312164","5.2864216427311659",4.66368051456095,18.9703861030478,4.34683616780045,0.034666836960748,0.761646774255334,0.722608822670172,0.00142889933775256,13.3408155805615,0.000391009137428168,0.0660119750684413,0.0246213242141091,9.9679657877793,3.91622629543313,0.430921602787456,3.57975381747708,0.0277014406773005
850,"0.26887395778824347","3.8244046210200051","1.8846769684283966E-2","0.34379244237813461","71.557516986362629",0.99545336491979,32.15299745514,5.91326657069029,0.0526221983732787,0.761646774255334,0.8412587677078,0.000912258417297946,13.3408155805615,0.00356123992135202,0.0711246049062049,0.310243991437562,176.898779532709,7.76799866786696,0.918174504367915,3.57975381747708,0.176081133292151
850,"7.763009091964113","4.8582467111200129","1.0852778470726709","0.67329959536318196","6019.2792849271027",1.17471063413187,5.13992524839197,9.86555431094806,9.86555431094806,0.761646774255334,1.50102251060724,0.0749314660239441,549.216851381879,0.21123954951715,0.493277715547403,0.657703620729871,31.8939445046118,5.76244845487635,9.86555431094806,3.57975381747708,0.214468571977132
850,"1.3129491488373362","18.400111727433639","1.4400087438861109","0.28296485544757261","18313.522966363362",1.17471063413187,5.13992524839197,9.74123562040604,9.74123562040604,0.761646774255334,1.50102251060724,0.246482780092092,770.207029720105,0.506287903955314,0.487061781020302,0.153494693151262,9.74123562040604,4.54590995618949,9.74123562040604,3.57975381747708,0.442783437291184
850,"0.45415616595236113","5.3477842650482845","1.1678301410203569","NR","10335.296748030158",1.17471063413187,5.13992524839197,9.56971921113904,9.56971921113904,0.761646774255334,1.50102251060724,0.295434408466959,691.571708324981,0.445486928794403,0.478485960556952,0.153494693151262,9.56971921113904,0.956971921113904,9.56971921113904,3.57975381747708,0.478485960556952
850,"6.1965771408686851E-2","32.905882521860242","6.7310319192686093E-3","7.045233821988027E-2","85383.57752918289",0.95635453355569,5.13992524839197,9.56658125720516,0.146099398434626,0.761646774255334,0.214001133906697,0.00861383506924362,402.798623573338,0.842495869072287,0.111007389651243,0.00300062875944146,51.1076468001251,0.89419696686783,2.35814130228761,3.57975381747708,0.00337469318331928
850,"2.7359888190076866E-2","20.741437964551171","2.1032914046121591E-3","8.0272512864493994E-2","26.061319496855344",0.716626925273627,5.13992524839197,2.70610297374897,0.172113013193851,0.761646774255334,0.225713031355309,0.0216418186288864,203.803232814088,1.74310825146108,0.0367172735911667,0.00602524368196603,63.8045321943132,1.76279193978216,3.35288154901737,3.57975381747708,0.025603089816137
850,"9.5806646900396905E-2","26.066362584431889","6.5774316182128688E-3","9.7584289919339429E-2","44501.507443668947",0.597814847032615,5.13992524839197,2.28296880466401,0.136087834038468,0.761646774255334,0.207494138666879,0.0466270912525599,613.342822126475,0.8009385174024,0.223162967836936,0.0701024148956536,54.1141719666956,0.491999319434138,3.51899642221921,3.57975381747708,0.00261992269394134
850,"0.38106154447766927","0.8094491724800168","7.3538192793936169E-2","3.2377966899200672","351.75791170733646",1.95334370946942,48.8853827475021,10.2284940886111,0.568249671589507,0.761646774255334,3.00838061429739,3.0441946692295e-05,1011.82536523228,0.455999367004584,1.40925918554198,0.0681899605907408,9.9679657877793,10.7982262236943,1.70474901476852,134.668573138269,0.0464931549482324
850,"1.1511616029780618","19.969129847578621","0.49335497270488365","11.202194792544104","26758.63399575535",0.107812661249433,23.1253617595987,9.98456492378931,0.293663674229097,0.761646774255334,1.99691298475786,0.000188696390672804,1031.79384526336,4.69705097338836,0.58576114219564,0.0665637661585954,9.9679657877793,77.7464788732395,1.24807061547366,3.57975381747708,0.0226921930086121
850,"1.0483927388257179","10.825794585700349","0.22715176007890553","9.3101833437022989","6.4068445150460533",3.97638572138093,5.13992524839197,9.95973101884432,0.248993275471108,0.761646774255334,1.65995516980739,1.56108636659002e-05,13.3408155805615,0.0211704427453696,0.0995973101884432,0.0585866530520254,225.421912059843,10.7982262236943,3.31991033961477,3.57975381747708,0.017785233962222
850,"6.4921539285005048E-2","NR","9.3095037465290256E-2","0.15467915281571246","38.085844791603577",1.17471063413187,23.8929346938251,9.67698415757622,0.967698415757622,0.3136059680696,4.20738441633749,0.000732037231984933,368.186206757305,0.0383377787663539,0.302405754924257,0.169771651887302,142.574233254956,42.8367832042041,1.61283069292937,8.58025928638425,0.962811050021473
850,"8.6934762697912754E-2","NR","7.6309402812612309E-2","9.8967637788798468E-2","37.296086466079856",7.544734709928,33.0260103794187,9.65941807754586,1.20742725969323,0.677853900178657,6.43961205169724,5.09462978773516e-05,669.167686629225,0.300479213351846,0.344979217055209,0.160990301292431,179.021215037183,46.8159796158389,5.79565084652752,33.8752864883146,0.0847317375223321
850,"0.10974039886760378","NR","0.13506510629858925","0.10031618772376674","45.876973746601749",6.87961370544876,16.8249358895437,9.87663589808434,0.823052991507028,0.469445039600305,4.93831794904217,3.74114996139558e-05,406.464719855746,0.0643645934931339,0.246915897452108,0.143139650696874,109.959879665339,36.6093970622326,3.45682256432952,7.44745378315074,0.0649778677505548
850,"0.17170957867916586","4.2308979372187032","5.1836853940880265E-2","0.62734003896691093","199.97407015986138",0.00236966448646919,70.4569974554707,11.598496069272,5.74537523868581,0.579084332733941,0.289962401731799,1.13266563176484e-05,13.3408155805615,1.69675262238183,3.04832268487276,0.0828464004947997,169.724659147013,37.1667362930892,0.446096002664306,3.57975381747708,0.0107393482122889
850,"0.25423959724088208","1.2607210797247035","0.19260575548551673","0.62372516575853754","27.206559198995539",0.0118781833334584,20.6938477112239,6.03819043447095,0.926838887355686,0.103706773563795,0.77257872482077,9.55409878871986e-06,385.639095748211,1.69675262238183,0.493277715547403,0.0754773804308869,56.5577170695445,31.4522630631109,0.464476187266996,66.9078053081506,0.336064942362979
850,"0.16196277714425494","1.9022420350067977","0.20610642054343753","0.44369194359710284","63.800974525950934",0.0124018036476829,33.4209111181782,5.90339300541242,2.82267948209881,0.601119915984348,0.251208212996273,9.26749294413253e-06,955.80087401397,27.2532045335695,2.67287556420937,0.0787119067388322,223.432615782303,57.3784442897897,0.42167092895803,148.303262730569,0.00967769345149577
850,"1.364572612700377","171.32152967043118","0.50127157201238337","18.697527349818632","183905.40040307655",0.203680792625801,5.13992524839197,12.3925471969728,0.00838467334030637,2.05117254683408,0.688474844276267,7.02969051524189e-05,902.728215815042,0.00691917218497649,0.160217371730629,0.20654245328288,9.9679657877793,24.4339722233647,6.19627359848641,3.57975381747708,0.0295060647546972
850,"0.61368714184062811","31.089345481591668","0.13537216364131502","6.3038304202305691","11003.049460766084",0.0554230538342505,5.13992524839197,9.56658125720516,0.0111938312808572,0.0820534820410132,0.636750547498037,1.879842426767e-05,951.432668071568,0.0176075368786414,0.245890630458546,0.163735855070924,9.9679657877793,17.0394446510475,5.73075492748234,3.57975381747708,0.0220413651057013
850,"1.5637586523000779","254.07160186041523","0.36794321230590071","23.68464085139464","103431.90317262456",0.183572377796238,5.13992524839197,12.1114640717359,0.0185837279407588,1.29437390387167,0.637445477459784,1.06054851766514e-05,909.167236318308,0.00288016523657134,0.212678525895499,0.201857734528932,9.9679657877793,4.1380835578431,6.05573203586795,3.57975381747708,0.0252322168161165
850,"0.6139932029460935","0.12670979853235617","8.5107968725201072E-2","5.3218115383589595","377.22064546195963",1.17471063413187,5.13992524839197,9.56658125720516,0.657307079886598,0.761646774255334,0.876409439848797,0.00269452941506454,13.3408155805615,0.00670541450622569,0.175281887969759,0.219102359962199,226.464199256929,10.7982262236943,1.75281887969759,3.57975381747708,0.0478041512644798
850,"0.4409136118182066","0.44417988207783199","0.49526382160367483","5.9247295994195177","170.83699062006065",1.17471063413187,62.2425647283706,9.56658125720516,0.863683104040229,0.761646774255334,0.740299803463053,0.00296518892519531,702.984038827015,0.00931798660243109,2.30151862465849,0.172736620808046,191.128293623727,10.7982262236943,2.85015424333276,3.57975381747708,0.0575788736026819
850,"0.28471790145921133","2.112689355755307","0.37329680413541039","5.1496803046535611","14.240436028326744",0.526980169201442,5.13992524839197,9.56658125720516,0.885789026761991,2.3984441340017,0.885789026761991,0.000172263943326089,454.364820240976,0.600210644533925,0.132868354014299,0.212589366422878,162.276549702797,10.7982262236943,1.77157805352398,3.57975381747708,0.0590526017841327
850,"0.42218510214288624","2.9772591018168852","0.34795475451336771","0.48094185490888158","1030.1316492286423",2.10102859023004,11.7476758591728,9.90511201181387,0.309534750369183,0.123813900147673,1.4783749271364,7.23000876774735e-05,881.334855451172,0.0208968607844174,0.145663411938439,0.173773894944103,113.193418935006,13.5369864161456,6.93357840826971,37.6900517729531,0.0250129091207421
850,"0.19455063102466905","0.47958089683725819","0.12970042068311272","0.37922859417406191","6006.7507328866568",7.79433739956633,28.8130835593584,10.0112512214778,0.217635896119082,0.0834270935123147,1.31726989756286,0.000426216791238531,839.487323917496,0.0845105622592279,0.113764218425884,0.12834937463433,101.224873461608,1.00112512214778,3.37499356101581,31.6589134460532,0.0159924140918175
850,"0.16359213952376161","4.802114953148493","0.32087056134239211","4.0714246897108175E-2","807.22113650027347",5.16812861876846,42.2154463323103,9.83756513269453,0.245939128317363,0.126060158908943,1.46829330338724,0.0040865902833069,840.35141977333,0.157903443455441,0.144670075480802,0.110534439693197,9.9679657877793,4.11166595127368,4.91824115103649,67.341994784869,0.0192893433974402
